{"model1": {"training_loss": [1.9275482416152954, 0.8149450361728668, 0.41178780496120454, 0.2661643847823143, 0.18567240685224534, 0.17121872752904893, 0.14104739725589752, 0.11837073937058448, 0.11389931812882423, 0.09725335389375686, 0.09355123601853847, 0.11475668624043464, 0.09453927502036094, 0.0816567912697792, 0.07164803817868233, 0.08221378549933434, 0.06785714887082576, 0.062174657732248305, 0.06295326948165894, 0.05231162905693054, 0.06215223018079996, 0.05334510933607817], "train_accuracy": [34.921875, 53.896484375, 64.86979166666667, 71.6064453125, 76.09765625, 79.21875, 81.58482142857143, 83.41796875, 84.86762152777777, 86.05859375, 87.0401278409091, 96.171875, 96.62109375, 96.796875, 97.0751953125, 97.1171875, 97.2265625, 97.34375, 97.4267578125, 97.53038194444444, 97.595703125, 97.6846590909091], "test_accuracy": [97.81, 98.8]}, "model2": {"training_loss": [2.3020688772201536, 2.295342445373535, 2.2860543966293334, 2.269976353645325, 2.2379831314086913, 2.149992036819458, 1.8269184589385987, 1.1597612917423248, 0.7532044529914856, 0.6210026979446411, 0.5005618810653687, 0.3277443081140518, 0.28135156631469727, 0.24174954295158385, 0.22718073427677155, 0.2022165149450302, 0.1924384355545044, 0.19246473759412766, 0.1606394350528717, 0.16253673434257507, 0.1487080380320549, 0.17991309091448784], "train_accuracy": [10.72265625, 12.685546875, 15.904947916666666, 19.921875, 23.5234375, 26.025390625, 29.268973214285715, 33.36669921875, 37.94053819444444, 42.087890625, 45.88423295454545, 90.05859375, 90.712890625, 91.41927083333333, 91.77734375, 92.203125, 92.470703125, 92.67299107142857, 92.96142578125, 93.18576388888889, 93.376953125, 93.47123579545455], "test_accuracy": [91.8, 96.53]}}