{"train_losses": [1.9638811826705933, 0.8839199662208557, 0.5002887904644012, 0.30175004005432127, 0.22802438139915465, 0.17453400641679764, 0.16227755397558213, 0.1333023801445961, 0.12951995059847832, 0.1240918755531311, 0.0927707239985466, 0.09780748635530472, 0.08861251547932625, 0.08253151401877404, 0.08284410871565343, 0.07312111929059029, 0.06650772616267205, 0.07735859900712967, 0.06560471691191197, 0.06814696490764618, 0.07974061891436576, 0.07087557129561901, 0.061766086146235466, 0.05713788270950317, 0.046628544479608534, 0.04523942973464727, 0.05560624599456787, 0.05953196696937084, 0.053819335624575616, 0.05920341126620769, 0.04870985671877861, 0.05397646501660347, 0.055455702170729634, 0.044915042258799075, 0.03543418124318123, 0.03855970222502947, 0.0421637237071991, 0.038609383068978785, 0.03174598310142755, 0.04018078837543726, 0.04074760694056749, 0.029884294047951697, 0.03382813651114702, 0.038936547562479974, 0.035752516239881516, 0.028792718332260846, 0.03178465403616428, 0.03519440423697233, 0.03501910101622343, 0.027750210370868444, 0.027681316528469325, 0.024225869774818422, 0.029593546222895385, 0.028636881988495587, 0.030690026469528675, 0.024769390933215618, 0.030354389175772666, 0.03307708241045475, 0.03472221679985523, 0.039051778987050055, 0.025744320824742317, 0.025437328964471817, 0.03748137317597866, 0.025218856893479823, 0.027936368808150293, 0.02544192550703883, 0.016671092621982096, 0.017576022748835386, 0.022253578435629605, 0.027160035073757173, 0.020437079248949885, 0.027625023387372494, 0.02185837794095278, 0.020290090702474117, 0.026618075836449862, 0.0273587578907609, 0.020318491011857988, 0.02098271232098341, 0.01754456073977053, 0.016563001833856106, 0.018428802955895662, 0.013912165770307183, 0.01380201755091548, 0.02137749893590808, 0.02265693563967943, 0.014882810739800334, 0.020593706471845507, 0.026351428870111705, 0.009674341278150677, 0.016216460592113437, 0.012338326452299953, 0.016283861908596008, 0.01792039517313242, 0.017442034045234322, 0.017743024695664644, 0.020739296823740004, 0.018378121173009278, 0.009868998173624277, 0.013139933673664927, 0.016956356866285206, 0.01798533380497247, 0.010556689742952586, 0.013348293397575617, 0.010946167865768075, 0.014662545383907854, 0.015734177175909282, 0.019170408369973302, 0.015212423633784056, 0.012895362637937068, 0.014517467375844717], "train_accuracies": [34.90234375, 52.55859375, 63.0859375, 69.9072265625, 74.515625, 77.841796875, 80.30133928571429, 82.27783203125, 83.80425347222223, 85.044921875, 86.15411931818181, 96.93359375, 96.865234375, 97.03125, 97.1337890625, 97.22265625, 97.353515625, 97.40792410714286, 97.49755859375, 97.54774305555556, 97.552734375, 97.57634943181819, 98.2421875, 98.30078125, 98.37890625, 98.3935546875, 98.33984375, 98.32356770833333, 98.33147321428571, 98.28125, 98.28993055555556, 98.294921875, 98.3096590909091, 98.61328125, 98.76953125, 98.80859375, 98.7646484375, 98.796875, 98.81184895833333, 98.80022321428571, 98.80859375, 98.83029513888889, 98.83984375, 98.8370028409091, 98.84765625, 98.9453125, 98.93229166666667, 98.935546875, 98.94140625, 98.955078125, 98.99553571428571, 99.01123046875, 99.03428819444444, 99.037109375, 99.04296875, 99.21875, 99.16015625, 99.07552083333333, 99.0234375, 98.96484375, 99.00390625, 99.04017857142857, 99.00390625, 99.0234375, 99.017578125, 99.04651988636364, 99.609375, 99.541015625, 99.43359375, 99.345703125, 99.359375, 99.296875, 99.296875, 99.29931640625, 99.30121527777777, 99.28515625, 99.29154829545455, 99.47265625, 99.4921875, 99.48567708333333, 99.443359375, 99.47265625, 99.48893229166667, 99.44754464285714, 99.4384765625, 99.43142361111111, 99.421875, 99.39808238636364, 99.58984375, 99.619140625, 99.58984375, 99.55078125, 99.515625, 99.50520833333333, 99.48102678571429, 99.4775390625, 99.47048611111111, 99.4921875, 99.48686079545455, 99.55078125, 99.482421875, 99.55078125, 99.55078125, 99.56640625, 99.541015625, 99.52287946428571, 99.5068359375, 99.49869791666667, 99.515625, 99.51882102272727], "test_accuracies": [97.63, 98.37, 98.56, 99.12, 99.12, 99.22, 99.07, 99.26, 99.17]}